Perioden,1950,1951,1952,1953,1954,1955,1956,1957,1958,1959,1960,1961,1962,1963,1964,1965,1966,1967,1968,1969,1970,1971,1972,1973,1974,1975,1976,1977,1978,1979,1980,1981,1982,1983,1984,1985,1986,1987,1988,1989,1990,1991,1992,1993,1994,1995,1996,1997,1998,1999,2000,2001,2002,2003,2004,2005,2006,2007,2008,2009,2010,2011,2012,2013,2014,2015,2016,2017,2018,2019,2020
18,175,186,166,150,170,163,179,227,220,285,299,389,475,502,523,747,739,735,725,741,690,759,726,666,542,493,452,354,335,344,354,412,341,329,192,136,114,150,171,235,366,273,275,197,139,108,73,93,77,114,74,80,77,95,59,37,25,21,27,13,27,23,25,21,18,6,16,12,5,10,10
19,780,743,725,731,673,742,776,787,926,1015,1189,1336,1577,1926,2054,2108,2979,3078,2739,2733,2714,2853,2934,2716,2427,2135,1872,1683,1423,1176,1176,1166,1057,1088,784,589,475,473,518,674,903,844,880,643,527,386,301,264,308,275,321,312,301,288,272,186,127,97,74,96,93,84,78,81,57,54,43,51,42,46,42
20,2295,2100,2107,1998,2046,1998,2061,2022,2139,2441,2552,2852,3331,3830,4510,4932,5276,7579,7907,7624,7493,7369,7458,7476,7093,6853,6005,5971,4891,4042,3288,3278,2831,2957,2323,1902,1518,1515,1202,1381,1958,1797,1884,1556,1193,1134,723,682,675,719,715,749,760,738,637,570,401,310,291,273,319,269,251,224,215,179,191,168,169,152,145
21,4659,4371,4497,4325,4184,4031,4032,4129,4278,4569,4966,5339,6144,6854,7839,9357,10429,10927,15929,16570,15684,16012,15734,16037,15709,15174,14468,13391,12506,10330,9032,8139,7467,7105,6327,5385,4438,4007,3426,2872,3530,3621,3504,3052,2567,2299,1863,1464,1366,1416,1462,1474,1544,1567,1477,1253,1071,847,809,820,858,823,703,646,567,543,551,546,435,444,418
22,7033,7601,7885,7987,7471,7597,7473,7922,8166,8656,9092,10035,11206,12224,13527,15547,18479,20760,21406,30976,30921,29804,29989,29357,29029,29158,27438,25992,23592,21639,19036,17493,16062,15182,13337,11938,10267,9602,7912,7022,6619,6655,6742,5859,5036,4433,3606,3146,2711,2610,2624,2789,2759,2846,2782,2539,2276,2010,1798,1782,1938,1818,1687,1532,1420,1310,1297,1292,1158,1058,1042
23,11265,11338,12761,13035,13241,12724,13253,13298,14421,14948,15652,16223,18264,19870,21448,23774,27170,32095,35335,35591,50628,50388,48263,46671,44094,44002,43517,40495,38444,35169,32549,30435,27708,26209,23505,21302,19179,17688,16065,13853,13419,11551,11391,10743,9249,8185,6617,5710,5149,4589,4526,4437,4588,4586,4639,4348,3979,3648,3472,3355,3383,3460,3196,3035,2757,2672,2484,2532,2360,2153,2142
24,16455,17031,18239,19609,19971,20804,20384,21616,21660,23318,23721,24645,25894,28727,30570,33431,36551,40971,46954,50747,49861,70725,69032,64592,60378,57854,56485,55458,51998,49577,45643,44002,40955,38582,35113,32099,29873,28282,25950,23889,22144,20499,17868,16874,15737,13887,11661,9791,8489,7969,7124,7047,6798,7012,6845,6722,6298,5837,5569,5609,5599,5491,5452,5037,4826,4582,4488,4258,4112,3979,3670
25,26418,23332,25105,26071,27543,28464,29875,30006,31472,31436,32757,33277,35043,36172,39603,42336,46392,49178,53140,59595,63502,61955,86503,82692,76034,71748,68005,65698,64715,61105,58509,55374,53040,50387,46745,43288,40444,39012,36781,34457,33433,30645,28354,24937,23137,21700,18734,16069,13906,12190,11464,10264,10054,9713,9891,9381,9260,8709,8324,8157,8486,8326,8123,7927,7403,7212,7099,6962,6454,6326,6144
26,34384,34108,31891,33399,34221,36129,37073,39298,39666,41118,40232,41414,42681,44371,45355,50089,53165,57445,58469,62258,68885,73335,70505,96682,91211,84568,78975,74891,72264,71464,67789,65950,62225,60805,56726,53530,50552,48741,46945,44667,43711,42188,38883,35745,31681,29621,27263,24242,21200,18869,16798,15500,13944,13601,13109,12815,12350,12223,11575,11455,11332,11709,11576,11070,10726,10198,10163,10247,9935,9336,9141
27,40052,42166,41796,39802,41098,42073,44125,45391,47731,47979,48879,47246,49174,50238,51692,53520,58597,61332,64280,64988,68604,75763,79751,75349,102720,97291,89519,83763,79674,76877,76224,73176,70692,67732,65437,61646,59160,57498,55475,54151,52869,51653,50210,46489,42478,38289,35429,33393,30224,27190,24398,21826,19589,18111,17513,16652,16158,15543,15555,15258,15035,14931,15274,14836,14237,14108,13468,13814,13811,13415,12833
28,47386,46664,49044,48133,46659,48046,48823,51007,51898,54282,54048,54656,53170,55118,55784,58017,59759,64753,66097,69193,69279,73238,79993,83238,78140,106927,100625,93089,87227,83006,80175,80012,76572,74846,70682,69070,65982,64523,63227,61353,60848,59770,58695,57159,53074,48839,44019,41518,39977,36968,33426,30276,26641,24432,22471,21309,20371,19867,19235,19680,19383,19124,18722,19055,18212,18068,18037,17706,17771,17983,17635
29,54000,53033,52229,54285,53290,52485,53686,54258,56261,56878,58794,57956,59171,57563,59245,60312,62694,63993,67935,69271,72687,72693,76228,82154,85201,80261,109337,102884,95132,89354,85277,82667,82136,79635,76877,73312,72344,70312,69031,68063,67042,66760,65985,64817,62958,58787,54033,49640,47541,46700,43638,39781,35506,31797,29194,26569,25192,24190,23757,23560,24222,23566,23044,22551,22748,22212,22382,22436,21991,22261,22827
30,49328,58603,57450,56360,58396,57316,56933,57780,58196,60068,60208,61970,61375,62480,60633,62793,63842,65985,65813,70391,71790,75758,74804,77631,83435,86658,81556,110967,104408,96663,90919,86994,83873,84787,80792,78535,75784,75774,73947,72936,73009,72049,71824,71218,69715,68183,63496,59318,55280,53698,53280,49970,45049,41035,36582,33513,30553,29071,28180,28134,28055,28663,27802,26903,26186,26667,26505,27041,27013,26805,27123
31,50622,52348,62014,60377,59305,61388,60303,60113,60634,61058,62243,61957,64479,63794,64800,63317,65488,66258,67208,67447,72404,73981,77566,75666,78386,84366,87749,82267,111977,105411,97768,91931,87811,85797,85547,82008,80214,78258,78548,76759,76750,76849,76408,75960,75140,73935,71889,67846,63980,60480,59178,59058,54859,50237,45699,40536,37322,34298,32721,32140,32264,32106,32708,31491,30386,29801,30527,30845,31566,31633,31705
32,53596,53048,54499,64027,62402,61513,63755,62371,62229,62794,62629,63382,63675,66408,65347,66853,65409,67415,67001,68400,68926,74227,75255,78042,76162,79059,85233,88188,82625,112617,106022,98446,92218,89659,86114,86150,83083,81907,80208,80644,79716,79697,80491,79639,79211,78293,76863,75210,71647,68297,65032,63636,63349,59406,54579,49238,43867,40541,37564,36342,35700,35850,35692,36044,34514,33661,33269,34516,34834,35961,36185
33,55272,55614,54631,55616,65497,64047,63153,65325,63829,64006,63910,63119,64701,65136,67695,66846,68641,67125,67707,67843,69612,70453,75480,75538,78223,76548,79825,85428,88358,82730,112872,106187,98416,93946,89642,86381,86757,84259,83382,81707,82798,82127,82322,83032,82026,81879,80383,79345,78152,75048,72075,68593,66880,66992,62874,57834,52223,46561,43452,40680,39581,38745,38961,38494,38761,37416,36684,36764,37965,38527,40082
34,55064,56924,56778,55491,56540,66720,65318,64275,66392,65127,64777,64126,64062,65765,65936,69008,68140,69951,67210,68417,68820,71001,71448,75573,75615,78396,77115,79791,85393,88387,82804,112898,105863,100178,93662,89562,86536,87510,85269,84421,83452,84614,84117,84110,84787,83881,83253,82215,81669,80925,77882,74786,71141,69761,69821,65510,60296,54632,48975,46221,43513,42219,41284,41405,40827,41265,40091,39678,39582,41304,41995
35,58900,56472,57859,57357,56117,57388,67570,66276,65010,67479,65738,64838,64814,64842,66474,66854,70082,69030,69918,67847,69328,69906,71791,71511,75545,75721,79154,76983,79546,85312,88221,82770,112455,107095,99741,93307,89592,87148,88207,86056,85638,84809,86097,85320,85489,85972,84901,84624,83857,83871,83092,80250,76425,73156,71772,71729,67384,62267,56624,51166,48583,45738,44445,43195,43236,42816,43498,42785,42260,42301,44294
36,58257,59960,57180,58235,57827,56577,57954,68276,66832,65940,67871,65907,65351,65476,65324,67024,67568,71021,68993,70314,68403,69980,70429,71703,71351,75510,76333,78742,76656,79333,85077,87993,82368,113600,106372,99273,93002,89996,87510,88646,86926,86736,86043,87042,86302,86463,86532,85628,85727,85433,85445,84821,81636,78017,74744,73192,73045,68815,63848,58498,53193,50619,47480,46112,44708,44896,44687,45742,44921,44600,44730
37,58485,59144,60582,57425,58612,58174,56991,58315,68692,67457,66222,68160,66314,65863,65816,65843,67699,68153,70895,69250,70762,68828,70279,70249,71407,71181,75987,76101,78446,76410,79083,84753,87427,83284,112814,105795,98856,93104,90167,87773,89042,87597,87571,86726,87659,86977,86706,86882,86497,86748,86632,86643,85694,82692,79029,75690,73921,74149,70028,65373,60184,54803,52054,48798,47414,45983,46436,46330,47604,46953,46608
38,54754,59165,59609,60774,57659,58974,58462,57232,58510,69351,67594,66634,68496,66695,66058,66186,66306,68321,68060,71167,69572,71042,69054,70119,69974,71196,71615,75633,75762,78087,76075,78720,84219,87965,82704,112059,105254,98853,93097,90342,88178,89587,88153,87923,87071,87958,87072,86917,87335,87286,87664,87487,87270,86301,83387,79321,76142,74484,74920,71206,66695,61515,56046,53079,49643,48404,47062,47977,47754,49332,48802
39,56108,55379,59404,59681,60926,57843,59170,58647,57297,58998,69411,67645,66836,68814,66870,66431,66600,66714,68178,68239,71399,69775,71125,68780,69784,69715,71596,71261,75230,75311,77720,75640,78099,84381,87197,82019,111322,105279,98677,92951,90631,88381,90013,88388,88135,87196,87879,87154,87096,87770,87752,88339,87677,87612,86612,83501,79373,76363,74959,75682,72193,67798,62587,56848,53612,50296,49269,48370,49060,49112,50841
40,57114,56604,55527,59299,59701,61138,58028,59325,58747,57637,59041,69707,67785,67080,68895,67085,66644,66925,66589,68263,68365,71517,69845,70919,68499,69479,70052,71152,70814,74792,74972,77405,75010,78386,83548,86560,81388,111161,105002,98463,93129,90732,88562,90106,88408,87998,86964,87743,87249,87452,88120,88183,88447,87864,87746,86619,83486,79460,76663,75491,76651,73098,68708,63146,57344,54252,51056,50339,49415,50212,50491
41,56390,57586,56759,55410,59233,59757,61274,58061,59370,59072,57606,59258,69812,67933,67114,69123,67302,66916,66696,66614,68282,68428,71517,69604,70580,68198,70033,69683,70649,70383,74387,74645,76745,74983,77588,82833,85877,81177,110742,104664,98411,93181,90840,88480,90012,88270,87663,86532,87644,87371,87543,88254,88036,88305,87745,87451,86311,83227,79480,76956,75815,77200,73611,69080,63412,57694,54783,51875,51102,50322,51261
42,55725,56790,57624,56614,55343,59265,59832,61305,58046,59559,58960,57625,59242,69865,67938,67206,69243,67437,66689,66627,66545,68239,68376,71213,69230,70270,68572,69605,69224,70308,70037,74015,74002,76938,74233,76877,82122,85528,80727,110236,104442,98206,93096,90647,88312,89709,87857,87245,86401,87633,87321,87463,88095,87809,88108,87351,86938,86020,82993,79497,77211,76142,77385,73757,69205,63584,58001,55404,52461,51878,51140
43,53987,56009,56849,57493,56517,55320,59209,59793,61247,58170,59473,58802,57563,59288,69819,67994,67301,69310,67220,66586,66547,66458,68058,68050,70834,68858,70427,68174,69209,68803,69929,69659,73519,73891,76189,73480,76158,81907,85110,80273,109795,104214,98040,92888,90297,87998,89067,87318,86906,86258,87514,87221,87120,87622,87281,87552,86723,86454,85666,82759,79597,77223,76257,77198,73629,69001,63822,58379,55776,52966,52432
44,53600,54209,56002,56638,57409,56430,55352,59099,59725,61325,58042,59550,58722,57629,59129,69756,68024,67337,69037,67010,66441,66454,66290,67750,67661,70535,69049,69884,67729,68861,68375,69514,69144,73433,73193,75503,72759,75871,81410,84622,80057,109347,103989,97611,92571,89776,87476,88490,86860,86635,86015,87207,86798,86599,87079,86683,86789,86066,85916,85438,82635,79594,77142,76123,76934,73378,68950,64064,58612,56173,53524
45,53169,53788,54111,55736,56476,57343,56350,55203,58999,59813,61159,58113,59451,58729,57499,59013,69646,67969,67028,68869,66874,66277,66266,65907,67317,67246,70373,68543,69481,67277,68356,67937,68952,68948,72605,72468,74753,72390,75462,80832,84235,79634,109009,103587,97266,92013,89061,86859,88155,86534,86334,85719,86667,86144,86060,86360,85983,86200,85582,85523,85228,82417,79365,76941,75791,76531,73152,69088,64290,58875,56550
46,51485,53324,53661,53859,55472,56310,57188,56217,55049,59119,59677,61115,58017,59322,58537,57352,58900,69538,67641,66775,68592,66583,65965,65889,65479,66900,67038,69579,67891,68823,66645,67615,67232,68866,68146,71761,71850,74312,71925,74924,80511,83787,79366,108550,102999,96688,91351,88433,86360,87772,86067,86021,85151,86155,85484,85415,85711,85320,85605,85104,85272,84911,82024,78958,76499,75154,76293,73105,69159,64412,59199
47,51446,51567,53197,53357,53654,55287,56161,57046,56048,55107,58887,59704,60935,57908,59117,58351,57185,58745,69180,67333,66463,68313,66280,65558,65437,64980,66557,66363,69034,67357,68265,66136,66992,67022,68065,67333,71027,71351,73795,71414,74593,80066,83402,78929,107958,102284,95878,90648,87952,85954,87314,85678,85382,84559,85558,84672,84634,84953,84748,85116,84713,84906,84461,81523,78440,75855,74829,76176,73035,69240,64654
48,48934,51453,51436,52946,53076,53499,55083,56060,56868,56052,54864,58890,59520,60768,57575,58889,58198,56983,58391,68839,66938,66123,67935,65810,65045,64944,64524,65941,65791,68457,66831,67719,65518,66824,66257,67348,66600,70467,70746,73191,71062,74129,79748,82948,78452,107112,101475,95035,90095,87502,85538,86809,85092,84762,83995,84754,83932,84033,84272,84190,84621,84225,84466,83963,80926,77777,75386,74573,75940,73009,69362
49,46277,48909,51272,51129,52719,52871,53285,54852,55779,56809,55748,54895,58640,59281,60442,57233,58604,57896,56601,58036,68429,66526,65681,67403,65324,64513,64521,63956,65331,65224,67864,66292,67024,65333,66071,65559,66594,66070,69890,70167,72868,70703,73786,79320,82389,77904,106279,100683,94404,89641,87093,85029,86195,84360,84005,83165,83951,83162,83430,83636,83747,84105,83628,83860,83332,80211,77201,75119,74422,75824,73139
50,45907,46312,48733,50947,50878,52524,52722,53083,54705,55733,56570,55788,54662,58382,58931,60192,56945,58332,57498,56247,57711,67981,66003,65161,66796,64747,64095,63928,63339,64782,64718,67290,65522,66792,64517,65309,64871,65971,65546,69276,69783,72366,70328,73316,78754,81868,77317,105421,100050,94031,89165,86736,84463,85662,83774,83400,82443,83280,82603,82984,83285,83327,83754,83283,83318,82756,79797,77045,74970,74459,75953
51,45149,45823,46128,48385,50648,50563,52215,52424,52822,54637,55379,56491,55472,54376,57957,58573,59754,56593,57864,57046,55823,57293,67418,65372,64524,66128,64225,63485,63330,62703,64175,64099,66580,65056,66082,63842,64541,64353,65335,64880,68665,69151,71757,69762,72698,78098,81067,76478,104636,99404,93378,88602,86018,83797,84870,83003,82559,81683,82607,81908,82413,82750,82731,83152,82619,82595,82230,79381,76875,74806,74500
52,44484,45009,45526,45748,48031,50297,50297,51873,52070,52648,54297,55157,56043,55078,53971,57590,58132,59319,56109,57341,56644,55300,56779,66738,64670,63893,65608,63490,62792,62657,62085,63541,63379,66111,64273,65221,63145,63930,63665,64592,64334,68079,68701,71180,69195,72055,77355,80241,75952,104023,98763,92872,87974,85243,83111,84042,82271,81712,81044,82064,81388,81830,82204,82174,82391,81837,82006,81775,79176,76629,74790
53,43938,44288,44732,45175,45400,47685,49964,49965,51489,51822,52222,54025,54706,55636,54546,53568,57064,57602,58734,55558,56780,56089,54711,56147,65978,63909,63315,64825,62729,62064,61969,61447,62787,62777,65278,63487,64452,62433,63272,62899,63973,63681,67535,68044,70561,68523,71379,76535,79639,75470,103217,98115,92097,87221,84493,82367,83399,81573,81097,80456,81423,80908,81392,81680,81485,81609,81208,81584,81487,78963,76493
54,41884,43640,43888,44244,44740,45000,47292,49562,49509,51212,51341,51913,53530,54203,55100,53999,52996,56511,56997,58123,54909,56138,55392,54029,55445,65203,63170,62470,64059,61970,61317,61319,60740,62178,61924,64380,62677,63706,61769,62582,62387,63373,63069,66924,67434,69798,67829,70583,75935,79059,74943,102468,97307,91425,86454,83785,81638,82684,80956,80511,79915,80887,80381,80767,81040,80723,81157,80813,81273,81165,78789
55,40289,41565,43302,43375,43827,44238,44624,46864,49116,49142,50677,51022,51408,52999,53533,54514,53387,52409,55791,56347,57392,54207,55416,54716,53273,54739,64238,62318,61620,63211,61150,60500,60527,59982,61240,61079,63475,61958,62896,61036,61749,61718,62865,62491,66306,66781,69144,67105,69975,75348,78476,74284,101684,96476,90617,85663,83006,80906,82004,80381,80051,79414,80479,79730,80087,80362,80168,80791,80484,80971,80975
56,40192,39963,41148,42764,42815,43371,43880,44126,46368,48662,48572,50260,50381,50838,52285,52838,53813,52723,51730,55007,55545,56642,53461,54565,53885,52510,53916,63238,61458,60727,62357,60294,59654,59763,59098,60293,60212,62584,61170,61989,60283,61078,61026,62213,61792,65472,65948,68308,66494,69357,74725,77842,73594,100772,95665,89778,84900,82162,80218,81362,79796,79372,78889,79868,79153,79481,79722,79711,80371,80161,80711
57,36382,39819,39489,40613,42219,42279,42833,43332,43629,45882,48036,48080,49603,49643,50094,51581,52056,53034,51953,50971,54210,54674,55774,52547,53665,53036,51679,53089,62227,60514,59798,61482,59348,58701,58844,58188,59366,59386,61725,60369,61207,59518,60420,60270,61462,61006,64669,65081,67598,65987,68731,74036,77091,72923,99839,94753,88974,84130,81369,79588,80730,79210,78814,78281,79189,78523,78952,79242,79287,80105,79895
58,36083,35987,39311,38932,40002,41630,41710,42224,42758,43054,45205,47467,47333,48844,48863,49301,50746,51210,52131,51141,50119,53273,53739,54842,51664,52634,52101,50757,52127,61142,59447,58810,60423,58539,57713,57877,57263,58466,58469,60816,59448,60348,58745,59638,59524,60544,60157,63782,64310,66989,65387,68131,73246,76279,72091,98772,93791,88068,83374,80602,78958,80163,78592,78183,77654,78507,77756,78498,78767,78939,79896
59,33460,35600,35438,38712,38281,39322,40920,41040,41584,42153,42351,44633,46675,46494,47924,48040,48401,49858,50294,51157,50176,49186,52338,52657,53854,50722,51642,51120,49808,51161,60077,58409,57713,59235,57454,56761,56889,56351,57457,57484,59796,58522,59482,57927,58753,58719,59726,59370,62987,63653,66243,64615,67330,72415,75517,71326,97719,92764,87146,82600,79898,78272,79472,77870,77507,76944,77868,77258,78020,78348,78554
60,32298,32955,35053,34799,37993,37564,38650,40208,40307,40910,41337,41664,43812,45756,45564,46998,47088,47403,48855,49316,50144,49104,48157,51199,51549,52727,49744,50515,50079,48841,50212,58882,57266,56547,58087,56324,55613,55809,55241,56431,56486,58774,57652,58518,56933,57834,57874,58701,58577,62172,62903,65469,63778,66561,71605,74622,70526,96607,91722,86281,81844,79160,77692,78806,77228,76800,76347,77297,76765,77585,78072
61,31530,31739,32356,34400,34093,37260,36826,37871,39405,39555,40084,40534,40807,42804,44737,44581,45972,46057,46277,47697,48115,48988,47984,47022,49999,50416,51522,48495,49301,48941,47708,49204,57638,56078,55364,56888,55160,54434,54780,54207,55345,55426,57695,56662,57544,55911,56839,56875,57802,57742,61243,62114,64574,62983,65654,70639,73657,69623,95485,90672,85332,81111,78402,76932,78053,76456,76142,75709,76731,76243,77138
62,30173,30913,31023,31662,33635,33374,36468,35925,37063,38525,38630,39236,39635,39773,41765,43669,43485,44841,44915,45111,46439,46793,47721,46788,45804,48727,49252,50212,47309,48045,47777,46638,48010,56237,54747,54066,55616,53881,53334,53600,53043,54258,54348,56606,55616,56405,54890,55822,55880,56869,56890,60316,61198,63665,62052,64742,69590,72614,68681,94269,89612,84427,80268,77582,76137,77240,75670,75413,75073,76099,75679
63,28514,29435,30122,30317,30894,32833,32628,35581,35066,36200,37588,37683,38256,38574,38663,40584,42536,42326,43614,43641,43785,45050,45469,46298,45448,44560,47527,47796,48838,46018,46736,46515,45353,46671,54771,53316,52735,54308,52590,52121,52307,51903,53136,53186,55346,54432,55259,53693,54804,54890,55934,55963,59409,60232,62743,61082,63768,68540,71500,67803,93063,88509,83414,79332,76636,75282,76351,74902,74730,74395,75522
64,27188,27821,28685,29328,29464,30060,31927,31764,34667,34147,35199,36628,36661,37189,37413,37542,39339,41230,41088,42406,42279,42386,43605,44002,44897,44122,43265,46105,46411,47349,44762,45352,45224,44075,45386,53267,51895,51365,52963,51293,50809,51041,50687,51893,51979,54077,53228,54021,52648,53748,53866,54969,54991,58411,59296,61696,60158,62791,67576,70503,66850,91776,87390,82329,78342,75745,74366,75460,74059,73936,73675
65,25517,26352,27020,27862,28437,28536,29176,30915,30881,33763,33113,34270,35570,35523,35926,36201,36348,38036,39889,39723,41035,40779,40971,42085,42501,43376,42535,41801,44567,44925,45865,43417,43906,43834,42742,44141,51642,50470,50025,51387,49857,49459,49792,49426,50599,50716,52764,51865,52745,51592,52625,52789,53927,53925,57338,58147,60534,59182,61693,66469,69367,65828,90518,86107,81135,77286,74697,73360,74573,73256,73190
66,23169,24654,25477,26067,26885,27497,27610,28200,29914,29963,32673,32099,33105,34231,34193,34599,34885,35065,36555,38334,38122,39506,39256,39389,40432,40905,41815,40902,40288,42960,43331,44269,41913,42457,42391,41215,42647,50073,48853,48463,49739,48337,47965,48411,47955,49196,49240,51343,50529,51397,50361,51373,51613,52749,52727,56132,56874,59302,57949,60475,65209,68058,64642,88994,84653,79818,75968,73484,72307,73487,72322
67,22257,22257,23676,24550,25048,25841,26399,26568,27148,28831,28842,31265,30845,31902,32854,32843,33184,33527,33664,35083,36747,36514,37931,37521,37823,38702,39301,40088,39271,38677,41285,41638,42582,40320,40841,40847,39685,41153,48295,47166,46841,48133,46777,46501,46843,46559,47678,47681,49845,49079,50032,48994,50016,50170,51496,51549,54936,55702,58081,56723,59274,63912,66824,63364,87312,83135,78371,74663,72287,71092,72273
68,20449,21293,21284,22664,23437,23971,24797,25274,25469,26116,27662,27645,29944,29446,30434,31468,31384,31782,31996,32172,33533,35023,34858,36097,35860,36161,37087,37496,38298,37506,37025,39497,39967,40842,38703,39189,39107,37985,39608,46404,45412,45183,46401,45168,44816,45259,44961,46035,46112,48278,47572,48585,47635,48654,48815,50179,50290,53641,54419,56820,55487,58011,62623,65450,62028,85560,81513,76919,73293,70935,69957
69,18735,19446,20222,20260,21587,22309,22859,23616,24122,24388,24931,26723,26370,28471,28060,28964,29905,29840,30188,30398,30570,31788,33280,33096,34276,34116,34300,35268,35636,36460,35823,35368,37564,38241,39002,36952,37454,37339,36346,37984,44540,43495,43402,44638,43440,43134,43579,43213,44387,44518,46614,46068,47059,46156,47183,47453,48816,48932,52306,53095,55521,54140,56677,61209,63949,60646,83787,79834,75424,71790,69578
70,17569,17684,18416,19108,19158,20471,21095,21695,22431,22974,23176,23835,25375,25057,26944,26614,27415,28350,28282,28576,28725,28897,30060,31367,31392,32494,32477,32355,33393,33708,34584,34038,33576,35769,36258,37068,35192,35682,35593,34693,36221,42630,41578,41509,42741,41600,41285,41802,41537,42784,42879,44943,44428,45370,44677,45695,46027,47434,47567,50927,51760,54119,52840,55269,59738,62380,59230,81883,78136,73859,70210
71,15666,16473,16677,17297,17942,18031,19303,19884,20447,21151,21715,22038,22520,23970,23545,25408,25074,25787,26670,26588,26874,27004,27221,28130,29496,29541,30579,30491,30507,31408,31813,32567,32083,31698,33876,34342,35050,33316,33837,33831,32925,34440,40575,39586,39502,40802,39725,39323,40019,39792,41039,41150,43130,42744,43711,43120,44090,44549,45947,46238,49426,50403,52694,51457,53756,58241,60677,57610,79913,76326,72201
72,14412,14558,15328,15553,16134,16706,16829,17942,18626,19169,19852,20443,20672,21164,22383,22074,23727,23424,24155,24900,24656,25135,25201,25313,26302,27483,27618,28569,28589,28593,29359,29870,30544,30206,29772,31861,32385,33049,31472,31897,31972,31106,32551,38491,37434,37545,38714,37693,37420,38157,37995,39231,39370,41235,40909,42027,41549,42540,43062,44471,44796,47926,48899,51134,49985,52288,56659,58982,56040,77800,74408
73,12728,13297,13450,14259,14346,14924,15496,15576,16635,17299,17834,18455,19075,19270,19612,20890,20464,22013,21771,22448,23030,22770,23322,23270,23546,24415,25560,25641,26586,26553,26551,27273,27912,28567,28208,27789,29865,30285,31005,29495,29936,30075,29208,30661,36253,35360,35505,36438,35682,35474,36242,36057,37306,37427,39277,39093,40191,39939,40952,41519,42813,43266,46351,47279,49506,48458,50713,54882,57183,54325,75569
74,11026,11696,12201,12312,13071,13203,13724,14196,14339,15370,15942,16581,17069,17650,17753,18115,19211,18907,20329,19985,20546,21171,20870,21392,21488,21753,22647,23562,23667,24561,24575,24495,25302,25943,26435,26224,25825,27740,28266,28919,27501,27906,28152,27325,28684,34052,33120,33280,34236,33560,33447,34255,34080,35269,35594,37304,37274,38378,38240,39319,39824,41207,41638,44699,45554,47779,46724,48979,53020,55235,52605
75,9736,9983,10658,11125,11118,11859,12010,12378,12926,13095,14066,14651,15140,15588,16065,16330,16600,17589,17330,18532,18141,18651,19333,19039,19467,19699,19946,20701,21645,21715,22532,22635,22448,23397,23846,24280,24128,23834,25756,26166,26798,25467,25911,26224,25286,26748,31735,30846,31127,32006,31399,31423,32144,32064,33264,33681,35303,35494,36568,36544,37530,38071,39502,39972,42962,43791,45967,44913,47202,51124,53283
76,8325,8721,8891,9649,9956,10005,10654,10809,11215,11671,11844,12839,13312,13684,14112,14594,14764,15024,15919,15643,16793,16411,16764,17398,17229,17715,18038,18060,18847,19645,19800,20522,20710,20570,21327,21823,22139,22011,21842,23773,23998,24754,23440,23841,24127,23378,24679,29229,28575,28889,29790,29225,29273,30030,29928,31278,31765,33415,33554,34744,34718,35767,36370,37725,38241,41172,41915,44035,43111,45299,49115
77,7004,7405,7670,7909,8506,8899,8837,9443,9667,10060,10419,10711,11479,11980,12259,12720,13145,13222,13483,14280,14005,15004,14680,14882,15583,15393,15822,16178,16283,16932,17724,17897,18574,18672,18615,19354,19695,20185,19986,19866,21635,21916,22546,21468,21737,22139,21432,22585,26981,26342,26612,27504,26984,27130,27965,27969,29180,29808,31335,31610,32816,32793,33906,34543,35836,36425,39271,39985,42017,41109,43393
78,5491,6127,6430,6735,6877,7527,7829,7732,8294,8539,8922,9321,9513,10114,10537,10831,11270,11628,11763,11928,12657,12424,13259,12879,13232,13889,13855,14088,14475,14514,15150,15921,16011,16688,16747,16726,17279,17751,18176,17990,17866,19477,19868,20417,19335,19791,20079,19373,20502,24751,24047,24357,25272,24748,24988,25880,25963,27143,27848,29308,29685,30732,30853,31930,32672,33875,34505,37240,37973,39926,39122
79,4693,4713,5289,5526,5774,5946,6546,6760,6698,7186,7408,7859,8162,8271,8797,9233,9430,9915,10266,10284,10415,11028,10907,11604,11312,11669,12301,12130,12499,12794,12784,13368,14098,14247,14748,14850,14826,15345,15782,16166,15917,15921,17396,17800,18232,17415,17771,17891,17455,18488,22435,21712,22148,22949,22530,22852,23709,23903,25077,25763,27138,27637,28642,28857,29950,30635,31887,32574,35060,35803,37702
80,3794,4030,3955,4504,4687,4939,5074,5536,5780,5704,6141,6442,6797,6994,7140,7643,7952,8172,8611,8842,8912,9032,9516,9383,10054,9843,10233,10665,10574,10895,11256,11205,11698,12376,12502,12910,13048,13042,13517,13965,14146,14049,14064,15371,15717,16257,15459,15717,15966,15611,16614,20083,19495,19871,20655,20435,20764,21643,21967,22999,23646,25041,25636,26504,26772,27837,28501,29740,30362,32797,33522
81,2936,3144,3376,3267,3768,3976,4133,4205,4692,4850,4850,5319,5478,5706,5878,6064,6443,6723,6951,7319,7547,7592,7729,8067,8007,8650,8525,8735,9216,9060,9373,9752,9641,10253,10725,10882,11201,11336,11431,11664,12081,12253,12240,12288,13390,13847,14299,13561,13778,14129,13777,14673,17745,17267,17693,18390,18295,18728,19648,20016,20965,21672,22809,23540,24375,24659,25619,26320,27504,28145,30413
82,2374,2376,2549,2773,2647,3136,3271,3358,3505,3877,3994,4109,4455,4603,4720,4996,5052,5387,5642,5794,6122,6345,6361,6450,6753,6796,7424,7194,7551,7849,7754,7994,8321,8246,8773,9188,9346,9572,9770,9848,9907,10408,10496,10592,10496,11639,11962,12381,11760,11998,12378,11940,12858,15563,15175,15673,16315,16294,16755,17637,18070,18930,19539,20659,21370,22237,22470,23406,24152,25209,25859
83,1892,1895,1942,2052,2244,2126,2550,2559,2687,2824,3182,3375,3352,3553,3766,3912,4103,4181,4429,4620,4769,5024,5287,5237,5330,5652,5767,6174,6040,6393,6596,6523,6750,6958,6978,7384,7681,7885,8153,8190,8234,8404,8796,8944,8943,9018,9843,10089,10588,10076,10220,10566,10267,11088,13529,13283,13701,14334,14443,14860,15632,16084,16994,17453,18525,19342,20056,20137,21233,21856,22957
84,1373,1470,1464,1563,1603,1753,1641,1970,2049,2155,2210,2558,2707,2656,2815,3111,3093,3311,3420,3558,3707,3873,4031,4199,4257,4359,4743,4751,5143,4975,5292,5434,5393,5522,5767,5779,6151,6366,6557,6785,6758,6814,6947,7352,7366,7485,7570,8163,8488,8916,8428,8560,8922,8635,9458,11615,11435,11876,12410,12529,13098,13760,14187,14993,15425,16454,17200,17878,17860,18970,19561
85,798,844,861,871,930,970,1030,961,1153,1194,1248,1461,1605,1652,1632,1760,1869,1877,2010,2018,2157,2234,2295,2397,2465,2521,3510,3825,3906,4170,4063,4356,4434,4384,4475,4671,4613,5017,5179,5404,5511,5479,5484,5663,5922,6042,6173,6200,6731,7002,7320,7029,7128,7362,7183,7955,9767,9739,10146,10659,10727,11287,11980,12258,13099,13453,14281,15041,15681,15656,16684
86,628,658,682,709,727,777,793,820,825,956,1011,1144,1249,1338,1378,1390,1522,1569,1612,1704,1694,1814,1896,1930,2054,2122,2804,2760,3020,3128,3352,3239,3507,3553,3530,3571,3687,3725,4024,4199,4306,4360,4361,4361,4455,4898,4874,4897,5025,5448,5694,5908,5767,5822,5973,5968,6571,8076,8185,8514,9026,9065,9607,10179,10502,11215,11484,12263,12914,13439,13563
87,467,504,539,547,584,592,630,608,687,668,805,914,958,1037,1087,1156,1175,1249,1336,1335,1436,1397,1543,1563,1626,1754,2102,2168,2162,2348,2479,2646,2543,2699,2812,2792,2827,2892,2920,3146,3261,3355,3376,3423,3395,3580,3863,3789,3902,4010,4285,4449,4671,4627,4592,4800,4830,5318,6634,6787,7045,7534,7588,7993,8550,8887,9367,9710,10340,10877,11340
88,350,367,399,423,442,463,465,470,502,551,549,696,763,768,818,895,967,952,1047,1096,1095,1177,1166,1255,1279,1349,1577,1634,1678,1642,1839,1876,2068,1883,2077,2189,2084,2151,2221,2285,2388,2498,2564,2592,2576,2676,2727,2948,2913,3039,3126,3312,3461,3600,3608,3592,3806,3824,4200,5334,5506,5686,6189,6193,6488,7022,7235,7642,7948,8444,8918
89,255,265,285,302,332,340,356,342,383,392,441,483,561,593,592,666,736,769,771,833,888,869,976,916,1022,1039,1062,1172,1261,1271,1292,1411,1422,1526,1400,1579,1663,1567,1618,1705,1708,1793,1875,1933,1888,2023,2008,2036,2213,2235,2259,2312,2486,2631,2742,2753,2770,2984,3018,3298,4203,4323,4517,4980,4928,5213,5609,5794,6089,6360,6836
90,181,188,198,218,229,253,253,253,260,293,304,370,381,436,461,462,528,574,624,602,655,707,696,757,724,831,694,780,874,952,959,961,1066,1039,1135,1064,1163,1216,1184,1198,1205,1265,1296,1365,1341,1389,1504,1457,1513,1645,1607,1680,1707,1862,1958,2070,2049,2136,2260,2302,2531,3224,3356,3429,3865,3876,4072,4357,4508,4673,4969
91,118,136,144,144,164,176,191,179,200,193,224,251,288,280,335,363,370,405,442,474,467,501,559,531,590,573,493,501,577,622,682,716,718,724,735,816,758,825,889,854,796,864,853,951,929,964,990,1088,1026,1038,1178,1145,1193,1220,1352,1446,1532,1518,1546,1672,1731,1891,2417,2510,2537,2934,2842,3072,3308,3383,3505
92,78,85,94,101,107,125,132,130,131,151,145,174,196,218,190,257,276,272,313,327,358,348,384,431,409,469,306,337,366,412,459,489,504,459,509,524,573,535,585,639,557,522,603,590,622,657,657,669,746,723,715,835,797,831,830,983,1002,1066,1059,1120,1193,1248,1359,1731,1807,1844,2158,2085,2246,2380,2462
93,46,53,60,64,72,80,92,85,94,90,107,115,124,141,154,138,198,197,202,234,233,261,253,285,319,297,192,203,243,243,289,344,358,312,316,364,378,379,381,401,388,391,352,400,360,423,440,436,462,501,490,476,595,523,568,579,656,704,773,727,770,853,884,940,1199,1265,1280,1510,1457,1582,1642
94,32,32,34,38,43,51,55,65,63,58,60,82,82,89,92,114,94,139,148,139,161,165,193,172,197,248,117,131,141,168,182,211,247,208,196,213,239,245,273,269,243,246,249,215,256,222,280,276,286,314,319,331,308,384,346,364,383,437,474,511,497,525,593,596,633,826,854,858,1036,975,1097
95,21,23,22,22,28,30,35,36,45,39,39,48,55,49,56,67,85,61,102,101,99,112,106,128,111,138,102,78,89,82,110,132,132,130,134,131,151,136,156,184,164,155,133,163,120,158,128,170,186,190,195,184,205,192,241,217,238,244,281,323,355,325,363,373,399,431,529,549,536,680,626
96,15,12,15,13,15,20,20,23,24,31,26,30,34,34,33,36,45,61,44,72,70,61,73,66,88,74,53,76,55,61,66,97,110,59,83,88,87,105,86,109,101,110,95,96,90,73,83,73,100,117,111,115,120,126,106,147,137,152,164,164,202,217,202,210,229,252,267,338,338,317,408
97,9,10,6,10,8,9,13,13,17,15,21,20,21,21,18,24,23,30,44,27,53,47,48,45,38,54,25,36,59,34,49,59,76,30,35,55,59,57,62,54,64,60,66,59,57,43,36,49,42,60,70,75,72,70,70,66,95,83,92,89,95,132,140,120,119,136,144,149,204,207,187
98,8,5,5,3,6,4,4,8,7,11,9,15,14,13,13,13,15,16,22,31,14,37,27,31,30,18,18,13,22,49,30,40,45,29,16,22,40,36,38,35,26,32,37,41,34,31,21,25,36,22,38,40,46,35,39,42,40,56,53,60,55,50,73,76,51,67,75,81,79,121,112
99,0,0,0,0,0,0,0,0,0,0,0,0,0,0,0,0,0,0,0,0,0,0,0,0,0,0,0,0,0,0,0,0,0,0,0,0,0,0,0,0,0,0,0,0,0,22,18,15,10,21,6,19,16,27,16,24,21,25,31,33,30,28,26,40,42,24,41,43,42,50,59
Bron: CBS,,,,,,,,,,,,,,,,,,,,,,,,,,,,,,,,,,,,,,,,,,,,,,,,,,,,,,,,,,,,,,,,,,,,,,,
